{"cameraMode":{"drawMode":0,"name":"Shaded","section":"Shading Mode"},"sceneLighting":true,"audioPlay":false,"sceneViewState":{"m_AlwaysRefresh":false,"showFog":true,"showSkybox":true,"showFlares":true,"showImageEffects":true,"showParticleSystems":true,"showVisualEffectGraphs":true,"m_FxEnabled":true},"in2DMode":false,"pivot":{"x":8.461721420288086,"y":7.37236213684082,"z":-17.698139190673829},"rotation":{"x":0.2420724332332611,"y":0.008437423966825009,"z":-0.0020565541926771404,"w":0.9702652096748352},"size":10.854042053222657,"orthographic":false}