{"cameraMode":{"drawMode":0,"name":"Shaded","section":"Shading Mode"},"sceneLighting":true,"audioPlay":false,"sceneViewState":{"m_AlwaysRefresh":false,"showFog":true,"showSkybox":true,"showFlares":true,"showImageEffects":true,"showParticleSystems":true,"showVisualEffectGraphs":true,"m_FxEnabled":true},"in2DMode":false,"pivot":{"x":-2.04711651802063,"y":-12.246932983398438,"z":28.907058715820314},"rotation":{"x":-0.22602146863937379,"y":0.009339401498436928,"z":-0.0021970586385577919,"w":-0.9740878939628601},"size":24.358444213867189,"orthographic":false}